[
  {
    "label": "Intro",
    "time": 0.023219954648526078,
    "type": "hot"
  },
  {
    "label": "Build-up 1",
    "time": 30.139501133786847,
    "type": "mix"
  },
  {
    "label": "Drop 1",
    "time": 34.481632653061226,
    "type": "hot"
  },
  {
    "label": "Breakdown",
    "time": 46.41668934240363,
    "type": "mix"
  },
  {
    "label": "Build-up 2",
    "time": 58.53750566893424,
    "type": "mix"
  },
  {
    "label": "Drop 2",
    "time": 60.395102040816326,
    "type": "hot"
  },
  {
    "label": "Outro",
    "time": 66.339410430839,
    "type": "mix"
  },
  {
    "label": "End",
    "time": 69.75274376417234,
    "type": "marker"
  }
]